{
    "entrance": [2.87856819597, 0.0795860457531, -0.994349938809, 0.106151774318],
    "entrance-front": [2.68555143202, 0.0943668596245, -0.0466606301976, 0.998910799616],
    "bedroom": [1.64634328746, -3.86733931612, -0.262900751245, 0.964822882707],
    "bedroom-backwards": [1.18893940906, -3.69660514092, -0.138281278695, 0.990392996725],
    "corridor": [-0.215950117316, -2.95648711264, -0.0929776181392, 0.995668199013],
    "entrance-left": [2.71447970211, 0.148890665921, -0.692366671484, 0.721545835148],
    "trash-cans": [-0.358282953732, -0.304307195271, 0.758042604587, 0.652205036496],
    "room1-center": [1.48533487715, -1.00851817198, 0.999999106796, 0.00133656556818],
    "long-table": [1.37183959151, -1.82543401274, -0.597493201421, 0.801873976542]
}
