{
  "builtin_entity_scope": [],
  "config": {
    "unit_name": "tfidf_vectorizer",
    "use_stemming": false,
    "word_clusters_name": null
  },
  "language_code": "en",
  "vectorizer": {
    "idf_diag": [
      3.4423470353692043,
      3.6835090921860925,
      4.13549421592915,
      3.3088156427446815,
      4.13549421592915,
      3.8841797876482436,
      4.471966452550363,
      3.191032607088298,
      1.9542699799393715,
      4.13549421592915,
      4.001962823304627,
      3.8841797876482436,
      4.289644895756409,
      2.417842718854817,
      4.13549421592915,
      4.001962823304627,
      2.9033505346365174,
      2.4438182052580775,
      3.8841797876482436,
      4.001962823304627,
      4.13549421592915,
      2.990361911626147,
      3.248191020928247,
      3.5964977151964628,
      3.8841797876482436,
      2.785567498980134,
      4.289644895756409,
      3.8841797876482436,
      3.1369653858180224,
      3.5964977151964628,
      4.13549421592915,
      3.3088156427446815,
      1.570544858467613,
      2.9033505346365174,
      3.248191020928247,
      4.289644895756409,
      4.471966452550363,
      4.695110003864572,
      4.13549421592915,
      4.13549421592915,
      3.248191020928247
    ],
    "vocab": {
      "?": 0,
      "bathroom": 1,
      "be": 2,
      "bedroom": 3,
      "blue": 4,
      "can": 5,
      "color": 6,
      "entityfeaturecolor": 7,
      "entityfeatureroom": 8,
      "entrance": 9,
      "garage": 10,
      "garden": 11,
      "give": 12,
      "in": 13,
      "kids": 14,
      "kitchen": 15,
      "light": 16,
      "lights": 17,
      "living": 18,
      "make": 19,
      "me": 20,
      "of": 21,
      "off": 22,
      "on": 23,
      "out": 24,
      "please": 25,
      "red": 26,
      "room": 27,
      "s": 28,
      "set": 29,
      "some": 30,
      "switch": 31,
      "the": 32,
      "to": 33,
      "turn": 34,
      "up": 35,
      "want": 36,
      "white": 37,
      "will": 38,
      "yellow": 39,
      "you": 40
    }
  }
}