{
  "builtin_entity_scope": [
    "snips/number"
  ],
  "config": {
    "unit_name": "tfidf_vectorizer",
    "use_stemming": false,
    "word_clusters_name": null
  },
  "language_code": "en",
  "vectorizer": {
    "idf_diag": [
      3.2216160304603783,
      3.573013917298267,
      4.725693427236653,
      3.573013917298267,
      3.0209453349982276,
      3.0209453349982276,
      3.7448641742249262,
      4.571542747409394,
      4.438011354784871,
      4.571542747409394,
      3.4264104431063918,
      5.131158535344817,
      5.418840607796598,
      4.725693427236653,
      2.327798154438282,
      3.4264104431063918,
      4.214867803470662,
      4.571542747409394,
      4.438011354784871,
      3.6842395524084917,
      4.0325462466767075,
      4.571542747409394,
      4.0325462466767075,
      4.908014984030608,
      3.472930458741285,
      3.573013917298267,
      2.625632598354081,
      4.725693427236653,
      4.725693427236653,
      5.418840607796598,
      2.9910923718485463,
      3.472930458741285,
      4.571542747409394,
      4.908014984030608,
      5.131158535344817,
      5.131158535344817,
      4.320228319128488,
      3.9525035390031706,
      4.320228319128488,
      2.0288165267325677,
      4.725693427236653,
      3.8094026953624978,
      5.131158535344817,
      3.472930458741285,
      5.131158535344817,
      5.131158535344817,
      5.418840607796598,
      4.571542747409394,
      4.725693427236653,
      4.908014984030608,
      3.9525035390031706,
      2.240786777448652,
      4.725693427236653,
      4.725693427236653,
      3.4264104431063918,
      4.908014984030608,
      4.119557623666337,
      4.320228319128488,
      5.131158535344817,
      3.878395566849449,
      4.908014984030608,
      2.962104834975294,
      4.725693427236653
    ],
    "vocab": {
      "a": 0,
      "are": 1,
      "bag": 2,
      "bill": 3,
      "builtinentityfeaturesnipsnumber": 4,
      "can": 5,
      "cancel": 6,
      "cappuccinos": 7,
      "check": 8,
      "chocolate": 9,
      "could": 10,
      "desk": 11,
      "dog": 12,
      "doggy": 13,
      "entityfeaturefood": 14,
      "entityfeaturetakeout": 15,
      "excuse": 16,
      "foot": 17,
      "from": 18,
      "get": 19,
      "give": 20,
      "go": 21,
      "have": 22,
      "hell": 23,
      "hey": 24,
      "hot": 25,
      "i": 26,
      "lend": 27,
      "make": 28,
      "marshmellos": 29,
      "me": 30,
      "menu": 31,
      "my": 32,
      "name": 33,
      "no": 34,
      "on": 35,
      "order": 36,
      "our": 37,
      "out": 38,
      "please": 39,
      "remove": 40,
      "s": 41,
      "salad": 42,
      "snippy": 43,
      "spaghettis": 44,
      "spgahetti": 45,
      "spgahettis": 46,
      "take": 47,
      "takeout": 48,
      "talking": 49,
      "that": 50,
      "the": 51,
      "there": 52,
      "those": 53,
      "to": 54,
      "us": 55,
      "want": 56,
      "what": 57,
      "where": 58,
      "who": 59,
      "world": 60,
      "you": 61,
      "your": 62
    }
  }
}